condicao,metrica,N,sigma_media,sigma_min,sigma_max
sem_smoothing,accuracy,10,2.2126,1.5504,3.1105
sem_smoothing,accuracy,20,2.3062,2.0105,2.7309
sem_smoothing,accuracy,30,2.1359,1.7202,2.4378
sem_smoothing,accuracy,40,2.1359,1.7267,2.3367
sem_smoothing,accuracy,50,2.1526,2.0072,2.3094
sem_smoothing,accuracy,60,2.1169,2.0125,2.2176
sem_smoothing,accuracy,70,2.1156,1.9935,2.2247
sem_smoothing,accuracy,80,2.1283,2.0180,2.1821
sem_smoothing,accuracy,90,2.0958,1.9817,2.1504
sem_smoothing,accuracy,100,2.1001,1.9793,2.2218
sem_smoothing,accuracy,110,2.0862,1.9706,2.1722
sem_smoothing,accuracy,120,2.0966,1.9631,2.1879
sem_smoothing,accuracy,130,2.1093,1.9735,2.1903
sem_smoothing,accuracy,140,2.1156,2.0212,2.1947
sem_smoothing,accuracy,150,2.1263,2.0332,2.1854
sem_smoothing,accuracy,160,2.1103,2.0000,2.1664
sem_smoothing,accuracy,170,2.1126,2.0334,2.1637
sem_smoothing,accuracy,180,2.1136,2.0609,2.1627
sem_smoothing,accuracy,190,2.1122,2.0654,2.2018
sem_smoothing,accuracy,200,2.1167,2.0458,2.1855
sem_smoothing,accuracy,210,2.1072,2.0445,2.1832
sem_smoothing,accuracy,220,2.0958,2.0374,2.1687
sem_smoothing,accuracy,230,2.0917,2.0283,2.1582
sem_smoothing,accuracy,240,2.0876,2.0335,2.1711
sem_smoothing,accuracy,250,2.0959,2.0355,2.1925
sem_smoothing,accuracy,260,2.0794,2.0219,2.1697
sem_smoothing,accuracy,270,2.0888,2.0127,2.1973
sem_smoothing,accuracy,280,2.0975,2.0022,2.1899
sem_smoothing,accuracy,290,2.1122,2.0511,2.1939
sem_smoothing,accuracy,300,2.1203,2.0573,2.1933
sem_smoothing,accuracy,310,2.1191,2.0523,2.1864
sem_smoothing,accuracy,320,2.1162,2.0469,2.1853
sem_smoothing,accuracy,330,2.1097,2.0483,2.1841
sem_smoothing,accuracy,340,2.1103,2.0482,2.1901
sem_smoothing,accuracy,350,2.1116,2.0541,2.1890
sem_smoothing,accuracy,360,2.1059,2.0447,2.1802
sem_smoothing,accuracy,370,2.0946,2.0247,2.1721
sem_smoothing,accuracy,380,2.0935,2.0124,2.1917
sem_smoothing,accuracy,390,2.0913,2.0159,2.1907
sem_smoothing,accuracy,400,2.1001,2.0138,2.2088
sem_smoothing,accuracy,410,2.1030,2.0053,2.2013
sem_smoothing,accuracy,420,2.1108,2.0061,2.2175
sem_smoothing,accuracy,430,2.1183,1.9993,2.2158
sem_smoothing,accuracy,440,2.1167,2.0040,2.2141
sem_smoothing,accuracy,450,2.1140,2.0060,2.2121
sem_smoothing,accuracy,460,2.1203,2.0075,2.2256
sem_smoothing,accuracy,470,2.1235,2.0062,2.2243
sem_smoothing,accuracy,480,2.1172,2.0014,2.2270
sem_smoothing,accuracy,490,2.1123,2.0043,2.2202
sem_smoothing,accuracy,500,2.1070,2.0041,2.2132
sem_smoothing,sensitivity,10,9.9642,7.6947,11.9756
sem_smoothing,sensitivity,20,10.0435,9.1314,11.4504
sem_smoothing,sensitivity,30,9.9024,8.9699,11.3185
sem_smoothing,sensitivity,40,9.8296,8.8139,10.8288
sem_smoothing,sensitivity,50,9.7599,8.6560,10.5837
sem_smoothing,sensitivity,60,9.6567,8.9020,10.2363
sem_smoothing,sensitivity,70,9.6818,9.1013,10.0747
sem_smoothing,sensitivity,80,9.8679,9.2035,10.5717
sem_smoothing,sensitivity,90,10.0717,9.6270,10.7060
sem_smoothing,sensitivity,100,10.1520,9.5504,11.0151
sem_smoothing,sensitivity,110,10.1399,9.5903,10.8310
sem_smoothing,sensitivity,120,10.1187,9.6708,10.6837
sem_smoothing,sensitivity,130,10.1883,9.6089,10.8427
sem_smoothing,sensitivity,140,10.1675,9.4789,10.8904
sem_smoothing,sensitivity,150,10.1619,9.6581,10.7555
sem_smoothing,sensitivity,160,10.1260,9.5716,10.6477
sem_smoothing,sensitivity,170,10.1105,9.5412,10.6665
sem_smoothing,sensitivity,180,10.2056,9.7999,10.5756
sem_smoothing,sensitivity,190,10.2454,9.8115,10.5984
sem_smoothing,sensitivity,200,10.1912,9.7846,10.5061
sem_smoothing,sensitivity,210,10.1882,9.7764,10.5207
sem_smoothing,sensitivity,220,10.2644,9.9580,10.5332
sem_smoothing,sensitivity,230,10.2677,10.0105,10.4646
sem_smoothing,sensitivity,240,10.2899,9.9871,10.6943
sem_smoothing,sensitivity,250,10.2571,9.9435,10.6124
sem_smoothing,sensitivity,260,10.2751,9.9703,10.5489
sem_smoothing,sensitivity,270,10.2636,10.0039,10.4993
sem_smoothing,sensitivity,280,10.2474,10.0064,10.4529
sem_smoothing,sensitivity,290,10.2058,9.9749,10.3928
sem_smoothing,sensitivity,300,10.2240,10.0791,10.4310
sem_smoothing,sensitivity,310,10.2908,10.0332,10.5688
sem_smoothing,sensitivity,320,10.2976,10.0435,10.6950
sem_smoothing,sensitivity,330,10.2823,10.0330,10.6376
sem_smoothing,sensitivity,340,10.2711,9.9860,10.6055
sem_smoothing,sensitivity,350,10.2814,9.9612,10.7080
sem_smoothing,sensitivity,360,10.2614,9.9301,10.6600
sem_smoothing,sensitivity,370,10.2569,9.9025,10.6487
sem_smoothing,sensitivity,380,10.2405,9.8737,10.6220
sem_smoothing,sensitivity,390,10.2488,9.9340,10.6459
sem_smoothing,sensitivity,400,10.2199,9.8975,10.6424
sem_smoothing,sensitivity,410,10.2252,9.9808,10.6075
sem_smoothing,sensitivity,420,10.2194,9.9686,10.5662
sem_smoothing,sensitivity,430,10.2186,10.0063,10.5957
sem_smoothing,sensitivity,440,10.2199,9.9825,10.5569
sem_smoothing,sensitivity,450,10.2168,9.9563,10.5229
sem_smoothing,sensitivity,460,10.2373,9.9881,10.5223
sem_smoothing,sensitivity,470,10.2296,10.0292,10.4940
sem_smoothing,sensitivity,480,10.2267,10.0169,10.4667
sem_smoothing,sensitivity,490,10.1960,9.9785,10.4404
sem_smoothing,sensitivity,500,10.1731,9.9524,10.4077
sem_smoothing,specificity,10,1.7742,1.1008,2.7135
sem_smoothing,specificity,20,1.7377,1.3213,2.1791
sem_smoothing,specificity,30,1.7223,1.4253,2.0298
sem_smoothing,specificity,40,1.7155,1.4821,1.8925
sem_smoothing,specificity,50,1.7114,1.4679,1.8512
sem_smoothing,specificity,60,1.7142,1.4920,1.8673
sem_smoothing,specificity,70,1.7157,1.5596,1.9123
sem_smoothing,specificity,80,1.6908,1.5351,1.8543
sem_smoothing,specificity,90,1.6872,1.5618,1.8454
sem_smoothing,specificity,100,1.6930,1.5967,1.8400
sem_smoothing,specificity,110,1.6849,1.6126,1.8045
sem_smoothing,specificity,120,1.6748,1.5872,1.7939
sem_smoothing,specificity,130,1.6674,1.5992,1.7637
sem_smoothing,specificity,140,1.6940,1.6071,1.7712
sem_smoothing,specificity,150,1.7108,1.6219,1.8229
sem_smoothing,specificity,160,1.6966,1.6034,1.7956
sem_smoothing,specificity,170,1.6977,1.6031,1.7915
sem_smoothing,specificity,180,1.6978,1.5887,1.7916
sem_smoothing,specificity,190,1.7159,1.5955,1.8109
sem_smoothing,specificity,200,1.7244,1.5819,1.8024
sem_smoothing,specificity,210,1.7128,1.5731,1.7864
sem_smoothing,specificity,220,1.7142,1.6474,1.7683
sem_smoothing,specificity,230,1.7166,1.6320,1.8212
sem_smoothing,specificity,240,1.7134,1.6181,1.8287
sem_smoothing,specificity,250,1.7161,1.6343,1.8116
sem_smoothing,specificity,260,1.7029,1.6238,1.7974
sem_smoothing,specificity,270,1.7011,1.6143,1.7926
sem_smoothing,specificity,280,1.7043,1.6188,1.7943
sem_smoothing,specificity,290,1.7180,1.6415,1.8495
sem_smoothing,specificity,300,1.7246,1.6312,1.8679
sem_smoothing,specificity,310,1.7169,1.6336,1.8529
sem_smoothing,specificity,320,1.7208,1.6350,1.8752
sem_smoothing,specificity,330,1.7293,1.6353,1.9064
sem_smoothing,specificity,340,1.7317,1.6572,1.9039
sem_smoothing,specificity,350,1.7263,1.6490,1.8956
sem_smoothing,specificity,360,1.7182,1.6408,1.8889
sem_smoothing,specificity,370,1.7142,1.6339,1.8843
sem_smoothing,specificity,380,1.7079,1.6243,1.8710
sem_smoothing,specificity,390,1.7036,1.6261,1.8662
sem_smoothing,specificity,400,1.7110,1.6182,1.8823
sem_smoothing,specificity,410,1.7124,1.6105,1.8699
sem_smoothing,specificity,420,1.7104,1.6150,1.8670
sem_smoothing,specificity,430,1.7094,1.6103,1.8571
sem_smoothing,specificity,440,1.7049,1.6110,1.8475
sem_smoothing,specificity,450,1.7014,1.6202,1.8452
sem_smoothing,specificity,460,1.7010,1.6185,1.8382
sem_smoothing,specificity,470,1.6997,1.6137,1.8337
sem_smoothing,specificity,480,1.6935,1.6088,1.8249
sem_smoothing,specificity,490,1.6923,1.6113,1.8209
sem_smoothing,specificity,500,1.6874,1.6051,1.8113
sem_smoothing,f1,10,12.1138,9.7726,14.3982
sem_smoothing,f1,20,12.3407,11.3875,13.7730
sem_smoothing,f1,30,12.1634,11.1377,13.8135
sem_smoothing,f1,40,12.0231,10.8937,13.2150
sem_smoothing,f1,50,11.9253,10.7167,12.7455
sem_smoothing,f1,60,11.7967,11.0006,12.4229
sem_smoothing,f1,70,11.8637,11.4061,12.2364
sem_smoothing,f1,80,12.0974,11.5905,12.7351
sem_smoothing,f1,90,12.3258,11.9276,12.9203
sem_smoothing,f1,100,12.3808,11.8176,13.1631
sem_smoothing,f1,110,12.3876,11.8341,12.9759
sem_smoothing,f1,120,12.3617,11.9936,12.8173
sem_smoothing,f1,130,12.4461,11.9276,12.9959
sem_smoothing,f1,140,12.4035,11.7833,12.9987
sem_smoothing,f1,150,12.4073,11.9554,12.8766
sem_smoothing,f1,160,12.3602,11.8739,12.7812
sem_smoothing,f1,170,12.3444,11.8381,12.8240
sem_smoothing,f1,180,12.4177,12.0371,12.7360
sem_smoothing,f1,190,12.4557,12.0659,12.7476
sem_smoothing,f1,200,12.3837,12.0076,12.6499
sem_smoothing,f1,210,12.3710,11.9692,12.6764
sem_smoothing,f1,220,12.4518,12.2116,12.6886
sem_smoothing,f1,230,12.4518,12.2352,12.6780
sem_smoothing,f1,240,12.4832,12.1778,12.9006
sem_smoothing,f1,250,12.4488,12.1334,12.8018
sem_smoothing,f1,260,12.4718,12.1731,12.7446
sem_smoothing,f1,270,12.4662,12.2335,12.6985
sem_smoothing,f1,280,12.4542,12.2605,12.6345
sem_smoothing,f1,290,12.4066,12.2310,12.5678
sem_smoothing,f1,300,12.4145,12.3086,12.5845
sem_smoothing,f1,310,12.4946,12.2646,12.7603
sem_smoothing,f1,320,12.4946,12.2444,12.8538
sem_smoothing,f1,330,12.4772,12.2172,12.8053
sem_smoothing,f1,340,12.4694,12.1665,12.7647
sem_smoothing,f1,350,12.4824,12.1548,12.8741
sem_smoothing,f1,360,12.4618,12.1139,12.8309
sem_smoothing,f1,370,12.4595,12.0751,12.8344
sem_smoothing,f1,380,12.4417,12.0515,12.7936
sem_smoothing,f1,390,12.4526,12.1431,12.8178
sem_smoothing,f1,400,12.4209,12.1016,12.8312
sem_smoothing,f1,410,12.4243,12.2003,12.7914
sem_smoothing,f1,420,12.4190,12.1740,12.7429
sem_smoothing,f1,430,12.4203,12.2123,12.7772
sem_smoothing,f1,440,12.4281,12.1785,12.7376
sem_smoothing,f1,450,12.4196,12.1701,12.6893
sem_smoothing,f1,460,12.4461,12.1891,12.6923
sem_smoothing,f1,470,12.4345,12.1761,12.6740
sem_smoothing,f1,480,12.4334,12.1579,12.6428
sem_smoothing,f1,490,12.3991,12.1258,12.6127
sem_smoothing,f1,500,12.3739,12.0976,12.5740
sem_smoothing,kappa,10,0.1233,0.0949,0.1420
sem_smoothing,kappa,20,0.1253,0.1136,0.1399
sem_smoothing,kappa,30,0.1228,0.1117,0.1402
sem_smoothing,kappa,40,0.1218,0.1108,0.1355
sem_smoothing,kappa,50,0.1212,0.1086,0.1301
sem_smoothing,kappa,60,0.1200,0.1126,0.1275
sem_smoothing,kappa,70,0.1206,0.1169,0.1252
sem_smoothing,kappa,80,0.1230,0.1184,0.1299
sem_smoothing,kappa,90,0.1253,0.1203,0.1322
sem_smoothing,kappa,100,0.1255,0.1186,0.1341
sem_smoothing,kappa,110,0.1254,0.1199,0.1318
sem_smoothing,kappa,120,0.1252,0.1204,0.1304
sem_smoothing,kappa,130,0.1263,0.1202,0.1315
sem_smoothing,kappa,140,0.1258,0.1187,0.1306
sem_smoothing,kappa,150,0.1260,0.1205,0.1297
sem_smoothing,kappa,160,0.1256,0.1201,0.1288
sem_smoothing,kappa,170,0.1254,0.1201,0.1294
sem_smoothing,kappa,180,0.1260,0.1217,0.1284
sem_smoothing,kappa,190,0.1262,0.1221,0.1293
sem_smoothing,kappa,200,0.1255,0.1216,0.1282
sem_smoothing,kappa,210,0.1252,0.1211,0.1283
sem_smoothing,kappa,220,0.1259,0.1237,0.1285
sem_smoothing,kappa,230,0.1259,0.1239,0.1287
sem_smoothing,kappa,240,0.1262,0.1231,0.1302
sem_smoothing,kappa,250,0.1259,0.1228,0.1289
sem_smoothing,kappa,260,0.1261,0.1229,0.1288
sem_smoothing,kappa,270,0.1260,0.1236,0.1280
sem_smoothing,kappa,280,0.1259,0.1239,0.1276
sem_smoothing,kappa,290,0.1254,0.1239,0.1266
sem_smoothing,kappa,300,0.1255,0.1245,0.1269
sem_smoothing,kappa,310,0.1263,0.1241,0.1285
sem_smoothing,kappa,320,0.1263,0.1239,0.1294
sem_smoothing,kappa,330,0.1262,0.1237,0.1290
sem_smoothing,kappa,340,0.1261,0.1232,0.1285
sem_smoothing,kappa,350,0.1263,0.1233,0.1297
sem_smoothing,kappa,360,0.1261,0.1227,0.1293
sem_smoothing,kappa,370,0.1260,0.1222,0.1292
sem_smoothing,kappa,380,0.1258,0.1220,0.1288
sem_smoothing,kappa,390,0.1259,0.1229,0.1290
sem_smoothing,kappa,400,0.1257,0.1225,0.1293
sem_smoothing,kappa,410,0.1257,0.1236,0.1288
sem_smoothing,kappa,420,0.1256,0.1232,0.1283
sem_smoothing,kappa,430,0.1257,0.1236,0.1286
sem_smoothing,kappa,440,0.1258,0.1231,0.1283
sem_smoothing,kappa,450,0.1257,0.1234,0.1278
sem_smoothing,kappa,460,0.1260,0.1234,0.1278
sem_smoothing,kappa,470,0.1258,0.1231,0.1277
sem_smoothing,kappa,480,0.1258,0.1229,0.1278
sem_smoothing,kappa,490,0.1254,0.1226,0.1274
sem_smoothing,kappa,500,0.1252,0.1223,0.1270
com_smoothing,accuracy,10,2.1831,1.6261,2.8588
com_smoothing,accuracy,20,2.1736,1.6006,2.4186
com_smoothing,accuracy,30,2.0281,1.7788,2.2356
com_smoothing,accuracy,40,2.0959,1.9626,2.2644
com_smoothing,accuracy,50,2.0962,1.9536,2.3906
com_smoothing,accuracy,60,2.1019,2.0250,2.3321
com_smoothing,accuracy,70,2.1246,1.9968,2.3812
com_smoothing,accuracy,80,2.0954,1.9218,2.3285
com_smoothing,accuracy,90,2.1074,1.8740,2.3380
com_smoothing,accuracy,100,2.1171,1.8714,2.3373
com_smoothing,accuracy,110,2.1261,1.8848,2.3033
com_smoothing,accuracy,120,2.1560,1.9709,2.3019
com_smoothing,accuracy,130,2.1374,1.9653,2.2762
com_smoothing,accuracy,140,2.1374,1.9891,2.2816
com_smoothing,accuracy,150,2.1324,1.9861,2.2502
com_smoothing,accuracy,160,2.1385,1.9776,2.3212
com_smoothing,accuracy,170,2.1602,2.0183,2.2885
com_smoothing,accuracy,180,2.1618,2.0246,2.2746
com_smoothing,accuracy,190,2.1548,2.0323,2.2420
com_smoothing,accuracy,200,2.1574,2.0754,2.2294
com_smoothing,accuracy,210,2.1542,2.0756,2.2355
com_smoothing,accuracy,220,2.1517,2.0615,2.2299
com_smoothing,accuracy,230,2.1466,2.0568,2.2261
com_smoothing,accuracy,240,2.1517,2.0635,2.2345
com_smoothing,accuracy,250,2.1640,2.0706,2.2370
com_smoothing,accuracy,260,2.1444,2.0596,2.2129
com_smoothing,accuracy,270,2.1457,2.0615,2.2118
com_smoothing,accuracy,280,2.1617,2.0940,2.2236
com_smoothing,accuracy,290,2.1571,2.0928,2.2138
com_smoothing,accuracy,300,2.1731,2.0673,2.2515
com_smoothing,accuracy,310,2.1733,2.0607,2.2721
com_smoothing,accuracy,320,2.1687,2.0649,2.2608
com_smoothing,accuracy,330,2.1605,2.0528,2.2640
com_smoothing,accuracy,340,2.1655,2.0646,2.2462
com_smoothing,accuracy,350,2.1665,2.0613,2.2431
com_smoothing,accuracy,360,2.1643,2.0721,2.2390
com_smoothing,accuracy,370,2.1696,2.0659,2.2435
com_smoothing,accuracy,380,2.1715,2.0572,2.2451
com_smoothing,accuracy,390,2.1618,2.0488,2.2298
com_smoothing,accuracy,400,2.1681,2.0586,2.2412
com_smoothing,accuracy,410,2.1643,2.0550,2.2393
com_smoothing,accuracy,420,2.1629,2.0561,2.2314
com_smoothing,accuracy,430,2.1697,2.0486,2.2542
com_smoothing,accuracy,440,2.1706,2.0548,2.2426
com_smoothing,accuracy,450,2.1710,2.0484,2.2456
com_smoothing,accuracy,460,2.1754,2.0698,2.2354
com_smoothing,accuracy,470,2.1793,2.0900,2.2411
com_smoothing,accuracy,480,2.1810,2.0807,2.2442
com_smoothing,accuracy,490,2.1794,2.0865,2.2434
com_smoothing,accuracy,500,2.1773,2.0749,2.2344
com_smoothing,sensitivity,10,9.9403,8.0312,13.2827
com_smoothing,sensitivity,20,10.1144,8.7444,11.2805
com_smoothing,sensitivity,30,10.3000,9.0973,11.1378
com_smoothing,sensitivity,40,10.1790,9.0846,11.0282
com_smoothing,sensitivity,50,10.1217,8.9204,11.2290
com_smoothing,sensitivity,60,10.0427,9.1564,11.0283
com_smoothing,sensitivity,70,10.0407,9.3215,11.0619
com_smoothing,sensitivity,80,10.0954,9.4725,10.8411
com_smoothing,sensitivity,90,10.3419,9.4271,11.3583
com_smoothing,sensitivity,100,10.4563,9.3417,11.5856
com_smoothing,sensitivity,110,10.5532,9.8135,11.3285
com_smoothing,sensitivity,120,10.6752,10.1899,11.3071
com_smoothing,sensitivity,130,10.5947,10.0433,11.1665
com_smoothing,sensitivity,140,10.6005,10.0129,11.1705
com_smoothing,sensitivity,150,10.7184,10.2794,11.1878
com_smoothing,sensitivity,160,10.6904,10.3718,11.0861
com_smoothing,sensitivity,170,10.6678,10.3065,11.0877
com_smoothing,sensitivity,180,10.6483,10.2106,11.0638
com_smoothing,sensitivity,190,10.6259,10.2073,11.0111
com_smoothing,sensitivity,200,10.5798,10.1602,10.9363
com_smoothing,sensitivity,210,10.5785,10.2389,10.8813
com_smoothing,sensitivity,220,10.7011,10.2700,11.0170
com_smoothing,sensitivity,230,10.6858,10.4445,10.9569
com_smoothing,sensitivity,240,10.7000,10.4028,11.0746
com_smoothing,sensitivity,250,10.7428,10.3782,11.0875
com_smoothing,sensitivity,260,10.7644,10.3276,11.0295
com_smoothing,sensitivity,270,10.7282,10.3016,10.9908
com_smoothing,sensitivity,280,10.7704,10.4223,11.0112
com_smoothing,sensitivity,290,10.7806,10.4172,10.9697
com_smoothing,sensitivity,300,10.8276,10.3758,10.9956
com_smoothing,sensitivity,310,10.8583,10.3517,11.0157
com_smoothing,sensitivity,320,10.8537,10.3208,11.0531
com_smoothing,sensitivity,330,10.8610,10.3596,11.0590
com_smoothing,sensitivity,340,10.8487,10.3222,11.1303
com_smoothing,sensitivity,350,10.8376,10.2820,11.1431
com_smoothing,sensitivity,360,10.8404,10.3258,11.1698
com_smoothing,sensitivity,370,10.8329,10.3150,11.1521
com_smoothing,sensitivity,380,10.8309,10.3510,11.2006
com_smoothing,sensitivity,390,10.8451,10.3309,11.2116
com_smoothing,sensitivity,400,10.8366,10.3533,11.1597
com_smoothing,sensitivity,410,10.8398,10.4243,11.2025
com_smoothing,sensitivity,420,10.8420,10.5117,11.2431
com_smoothing,sensitivity,430,10.8256,10.4863,11.2046
com_smoothing,sensitivity,440,10.8096,10.4498,11.2224
com_smoothing,sensitivity,450,10.8077,10.4752,11.2368
com_smoothing,sensitivity,460,10.8173,10.4732,11.3184
com_smoothing,sensitivity,470,10.8306,10.4974,11.3031
com_smoothing,sensitivity,480,10.8029,10.4673,11.2605
com_smoothing,sensitivity,490,10.7681,10.4413,11.2123
com_smoothing,sensitivity,500,10.7717,10.5031,11.1824
com_smoothing,specificity,10,1.9149,1.6745,2.2952
com_smoothing,specificity,20,1.7939,1.6153,2.1538
com_smoothing,specificity,30,1.7049,1.5088,1.9518
com_smoothing,specificity,40,1.8215,1.7085,2.0151
com_smoothing,specificity,50,1.8589,1.6198,1.9894
com_smoothing,specificity,60,1.8276,1.5699,1.9514
com_smoothing,specificity,70,1.8494,1.6496,2.0180
com_smoothing,specificity,80,1.8264,1.6995,1.9329
com_smoothing,specificity,90,1.8922,1.6771,1.9919
com_smoothing,specificity,100,1.8738,1.6525,1.9667
com_smoothing,specificity,110,1.8564,1.6624,1.9443
com_smoothing,specificity,120,1.8362,1.6720,1.9197
com_smoothing,specificity,130,1.8233,1.6828,1.9114
com_smoothing,specificity,140,1.8672,1.8137,1.9543
com_smoothing,specificity,150,1.8745,1.8234,1.9368
com_smoothing,specificity,160,1.8941,1.7978,1.9810
com_smoothing,specificity,170,1.8874,1.8118,1.9423
com_smoothing,specificity,180,1.8927,1.8135,1.9667
com_smoothing,specificity,190,1.8818,1.8138,1.9596
com_smoothing,specificity,200,1.8873,1.8307,1.9453
com_smoothing,specificity,210,1.8805,1.8403,1.9282
com_smoothing,specificity,220,1.8728,1.8377,1.9094
com_smoothing,specificity,230,1.8682,1.8187,1.9506
com_smoothing,specificity,240,1.8634,1.8011,1.9734
com_smoothing,specificity,250,1.8614,1.7875,1.9615
com_smoothing,specificity,260,1.8497,1.7714,1.9680
com_smoothing,specificity,270,1.8452,1.7740,1.9519
com_smoothing,specificity,280,1.8493,1.7742,1.9797
com_smoothing,specificity,290,1.8456,1.7586,2.0032
com_smoothing,specificity,300,1.8593,1.7559,2.0379
com_smoothing,specificity,310,1.8472,1.7441,2.0269
com_smoothing,specificity,320,1.8492,1.7706,2.0299
com_smoothing,specificity,330,1.8445,1.7669,2.0247
com_smoothing,specificity,340,1.8540,1.7724,2.0103
com_smoothing,specificity,350,1.8531,1.7722,2.0206
com_smoothing,specificity,360,1.8540,1.7629,2.0255
com_smoothing,specificity,370,1.8522,1.7805,2.0118
com_smoothing,specificity,380,1.8487,1.7816,1.9977
com_smoothing,specificity,390,1.8387,1.7726,1.9805
com_smoothing,specificity,400,1.8399,1.7610,1.9845
com_smoothing,specificity,410,1.8409,1.7615,1.9783
com_smoothing,specificity,420,1.8399,1.7620,1.9731
com_smoothing,specificity,430,1.8387,1.7648,1.9619
com_smoothing,specificity,440,1.8407,1.7638,1.9563
com_smoothing,specificity,450,1.8428,1.7615,1.9472
com_smoothing,specificity,460,1.8369,1.7532,1.9368
com_smoothing,specificity,470,1.8408,1.7533,1.9303
com_smoothing,specificity,480,1.8396,1.7522,1.9182
com_smoothing,specificity,490,1.8467,1.7651,1.9237
com_smoothing,specificity,500,1.8509,1.8011,1.9180
com_smoothing,f1,10,11.9071,9.8251,15.7653
com_smoothing,f1,20,12.2552,10.9468,13.2874
com_smoothing,f1,30,12.5025,11.4540,13.3959
com_smoothing,f1,40,12.3213,11.3112,13.2014
com_smoothing,f1,50,12.2992,11.2170,13.4641
com_smoothing,f1,60,12.1954,11.4079,13.2485
com_smoothing,f1,70,12.1910,11.3924,13.3336
com_smoothing,f1,80,12.2537,11.6096,13.0625
com_smoothing,f1,90,12.5253,11.4853,13.5926
com_smoothing,f1,100,12.6773,11.4455,13.8106
com_smoothing,f1,110,12.7939,11.9810,13.5293
com_smoothing,f1,120,12.8999,12.3635,13.4910
com_smoothing,f1,130,12.8107,12.2109,13.3453
com_smoothing,f1,140,12.7972,12.1777,13.3068
com_smoothing,f1,150,12.9405,12.4988,13.3381
com_smoothing,f1,160,12.9143,12.5967,13.2482
com_smoothing,f1,170,12.9002,12.5004,13.2701
com_smoothing,f1,180,12.8661,12.3869,13.2605
com_smoothing,f1,190,12.8486,12.4054,13.1931
com_smoothing,f1,200,12.7870,12.3542,13.1098
com_smoothing,f1,210,12.7740,12.4258,13.0321
com_smoothing,f1,220,12.8957,12.4715,13.2311
com_smoothing,f1,230,12.8623,12.6150,13.1580
com_smoothing,f1,240,12.8882,12.5560,13.3215
com_smoothing,f1,250,12.9333,12.5405,13.3353
com_smoothing,f1,260,12.9537,12.4923,13.2599
com_smoothing,f1,270,12.9163,12.4645,13.2721
com_smoothing,f1,280,12.9618,12.5825,13.2769
com_smoothing,f1,290,12.9723,12.5773,13.2088
com_smoothing,f1,300,13.0258,12.5363,13.1906
com_smoothing,f1,310,13.0594,12.5151,13.2499
com_smoothing,f1,320,13.0544,12.4917,13.2751
com_smoothing,f1,330,13.0630,12.4928,13.2432
com_smoothing,f1,340,13.0524,12.4634,13.3123
com_smoothing,f1,350,13.0470,12.4308,13.3205
com_smoothing,f1,360,13.0481,12.4568,13.3472
com_smoothing,f1,370,13.0446,12.4384,13.3384
com_smoothing,f1,380,13.0409,12.4657,13.4017
com_smoothing,f1,390,13.0613,12.4640,13.4117
com_smoothing,f1,400,13.0498,12.4656,13.3537
com_smoothing,f1,410,13.0524,12.5607,13.3972
com_smoothing,f1,420,13.0539,12.6465,13.4434
com_smoothing,f1,430,13.0386,12.6212,13.3980
com_smoothing,f1,440,13.0226,12.5828,13.4276
com_smoothing,f1,450,13.0237,12.6129,13.4444
com_smoothing,f1,460,13.0414,12.6215,13.5526
com_smoothing,f1,470,13.0541,12.6402,13.5352
com_smoothing,f1,480,13.0197,12.6021,13.4894
com_smoothing,f1,490,12.9808,12.5674,13.4449
com_smoothing,f1,500,12.9822,12.6320,13.4085
com_smoothing,kappa,10,0.1210,0.1035,0.1585
com_smoothing,kappa,20,0.1238,0.1107,0.1340
com_smoothing,kappa,30,0.1263,0.1148,0.1376
com_smoothing,kappa,40,0.1245,0.1138,0.1363
com_smoothing,kappa,50,0.1248,0.1136,0.1348
com_smoothing,kappa,60,0.1236,0.1140,0.1340
com_smoothing,kappa,70,0.1237,0.1149,0.1348
com_smoothing,kappa,80,0.1240,0.1163,0.1318
com_smoothing,kappa,90,0.1273,0.1155,0.1372
com_smoothing,kappa,100,0.1286,0.1155,0.1391
com_smoothing,kappa,110,0.1300,0.1215,0.1362
com_smoothing,kappa,120,0.1311,0.1257,0.1363
com_smoothing,kappa,130,0.1300,0.1239,0.1344
com_smoothing,kappa,140,0.1300,0.1245,0.1345
com_smoothing,kappa,150,0.1315,0.1282,0.1342
com_smoothing,kappa,160,0.1313,0.1283,0.1338
com_smoothing,kappa,170,0.1313,0.1294,0.1338
com_smoothing,kappa,180,0.1309,0.1277,0.1334
com_smoothing,kappa,190,0.1307,0.1266,0.1339
com_smoothing,kappa,200,0.1300,0.1259,0.1328
com_smoothing,kappa,210,0.1298,0.1253,0.1320
com_smoothing,kappa,220,0.1309,0.1282,0.1346
com_smoothing,kappa,230,0.1305,0.1274,0.1337
com_smoothing,kappa,240,0.1309,0.1266,0.1351
com_smoothing,kappa,250,0.1314,0.1273,0.1353
com_smoothing,kappa,260,0.1315,0.1280,0.1346
com_smoothing,kappa,270,0.1312,0.1276,0.1346
com_smoothing,kappa,280,0.1317,0.1292,0.1348
com_smoothing,kappa,290,0.1317,0.1293,0.1339
com_smoothing,kappa,300,0.1324,0.1290,0.1338
com_smoothing,kappa,310,0.1327,0.1286,0.1344
com_smoothing,kappa,320,0.1327,0.1285,0.1345
com_smoothing,kappa,330,0.1328,0.1283,0.1343
com_smoothing,kappa,340,0.1327,0.1281,0.1348
com_smoothing,kappa,350,0.1326,0.1277,0.1349
com_smoothing,kappa,360,0.1326,0.1278,0.1353
com_smoothing,kappa,370,0.1325,0.1276,0.1350
com_smoothing,kappa,380,0.1326,0.1278,0.1358
com_smoothing,kappa,390,0.1327,0.1277,0.1359
com_smoothing,kappa,400,0.1327,0.1276,0.1353
com_smoothing,kappa,410,0.1327,0.1285,0.1357
com_smoothing,kappa,420,0.1326,0.1293,0.1361
com_smoothing,kappa,430,0.1325,0.1293,0.1357
com_smoothing,kappa,440,0.1323,0.1288,0.1359
com_smoothing,kappa,450,0.1324,0.1292,0.1361
com_smoothing,kappa,460,0.1326,0.1291,0.1372
com_smoothing,kappa,470,0.1327,0.1293,0.1370
com_smoothing,kappa,480,0.1324,0.1290,0.1366
com_smoothing,kappa,490,0.1320,0.1286,0.1362
com_smoothing,kappa,500,0.1321,0.1294,0.1359
